Timestamp,User Count,Type,Name,Requests/s,Failures/s,50%,66%,75%,80%,90%,95%,98%,99%,99.9%,99.99%,100%,Total Request Count,Total Failure Count,Total Median Response Time,Total Average Response Time,Total Min Response Time,Total Max Response Time,Total Average Content Size
1740236032,0,,Aggregated,0.000000,0.000000,N/A,N/A,N/A,N/A,N/A,N/A,N/A,N/A,N/A,N/A,N/A,0,0,0,0.0,0,0,0
1740236033,2,,Aggregated,0.000000,0.000000,300,300,300,300,300,300,300,300,300,300,300,2,2,200.0,249.281101001543,195.37851700442843,303.18368499865755,290.0
1740236034,4,,Aggregated,0.000000,0.000000,200,200,300,300,300,300,300,300,300,300,300,4,4,200.0,207.18720150034642,125.40908000664786,303.18368499865755,290.0
1740236035,6,,Aggregated,0.000000,0.000000,200,200,300,300,310,310,310,310,310,310,310,6,6,200.0,224.23611800089324,125.40908000664786,314.0958199946908,290.0
1740236036,8,,Aggregated,1.500000,1.500000,200,250,300,300,310,310,310,310,310,310,310,8,8,200.0,218.51561987750756,125.40908000664786,314.0958199946908,290.0
1740236037,10,,Aggregated,1.333333,1.333333,250,300,310,320,430,430,430,430,430,430,430,10,10,200.0,249.55487950210227,125.40908000664786,429.972493002424,290.0
1740236038,10,,Aggregated,1.333333,1.333333,250,300,310,320,430,430,430,430,430,430,430,10,10,200.0,249.55487950210227,125.40908000664786,429.972493002424,290.0
1740236039,10,,Aggregated,1.333333,1.333333,250,300,310,320,430,430,430,430,430,430,430,10,10,200.0,249.55487950210227,125.40908000664786,429.972493002424,290.0
1740236040,10,,Aggregated,1.333333,1.333333,250,300,310,320,430,430,430,430,430,430,430,10,10,200.0,249.55487950210227,125.40908000664786,429.972493002424,290.0
1740236041,10,,Aggregated,1.333333,1.333333,250,300,310,320,430,430,430,430,430,430,430,10,10,200.0,249.55487950210227,125.40908000664786,429.972493002424,290.0
1740236042,10,,Aggregated,1.333333,1.333333,250,300,310,320,430,430,430,430,430,430,430,10,10,200.0,249.55487950210227,125.40908000664786,429.972493002424,290.0
1740236043,10,,Aggregated,1.333333,1.333333,250,300,310,320,430,430,430,430,430,430,430,10,10,200.0,249.55487950210227,125.40908000664786,429.972493002424,290.0
1740236044,10,,Aggregated,1.333333,1.333333,250,300,310,320,430,430,430,430,430,430,430,10,10,200.0,249.55487950210227,125.40908000664786,429.972493002424,290.0
1740236045,10,,Aggregated,1.333333,1.333333,250,300,310,320,430,430,430,430,430,430,430,10,10,200.0,249.55487950210227,125.40908000664786,429.972493002424,290.0
1740236046,10,,Aggregated,1.333333,1.333333,250,300,310,320,430,430,430,430,430,430,430,10,10,200.0,249.55487950210227,125.40908000664786,429.972493002424,290.0
1740236047,10,,Aggregated,1.333333,1.333333,250,300,310,320,430,430,430,430,430,430,430,10,10,200.0,249.55487950210227,125.40908000664786,429.972493002424,290.0
1740236048,10,,Aggregated,1.333333,1.333333,250,300,310,320,430,430,430,430,430,430,430,10,10,200.0,249.55487950210227,125.40908000664786,429.972493002424,290.0
1740236049,10,,Aggregated,1.333333,1.333333,250,300,310,320,430,430,430,430,430,430,430,10,10,200.0,249.55487950210227,125.40908000664786,429.972493002424,290.0
1740236050,10,,Aggregated,1.333333,1.333333,250,300,310,320,430,430,430,430,430,430,430,10,10,200.0,249.55487950210227,125.40908000664786,429.972493002424,290.0
1740236051,10,,Aggregated,1.333333,1.333333,250,300,310,320,430,430,430,430,430,430,430,10,10,200.0,249.55487950210227,125.40908000664786,429.972493002424,290.0
1740236052,10,,Aggregated,1.333333,1.333333,250,300,310,320,430,430,430,430,430,430,430,10,10,200.0,249.55487950210227,125.40908000664786,429.972493002424,290.0
1740236053,10,,Aggregated,1.333333,1.333333,250,300,310,320,430,430,430,430,430,430,430,10,10,200.0,249.55487950210227,125.40908000664786,429.972493002424,290.0
1740236054,10,,Aggregated,1.333333,1.333333,250,300,310,320,430,430,430,430,430,430,430,10,10,200.0,249.55487950210227,125.40908000664786,429.972493002424,290.0
1740236055,10,,Aggregated,1.333333,1.333333,250,300,310,320,430,430,430,430,430,430,430,10,10,200.0,249.55487950210227,125.40908000664786,429.972493002424,290.0
1740236056,10,,Aggregated,1.333333,1.333333,250,300,310,320,430,430,430,430,430,430,430,10,10,200.0,249.55487950210227,125.40908000664786,429.972493002424,290.0
1740236057,10,,Aggregated,1.333333,1.333333,250,300,310,320,430,430,430,430,430,430,430,10,10,200.0,249.55487950210227,125.40908000664786,429.972493002424,290.0
1740236058,10,,Aggregated,1.333333,1.333333,250,300,310,320,430,430,430,430,430,430,430,10,10,200.0,249.55487950210227,125.40908000664786,429.972493002424,290.0
1740236059,10,,Aggregated,1.333333,1.333333,250,300,310,320,430,430,430,430,430,430,430,10,10,200.0,249.55487950210227,125.40908000664786,429.972493002424,290.0
1740236060,10,,Aggregated,1.333333,1.333333,250,300,310,320,430,430,430,430,430,430,430,10,10,200.0,249.55487950210227,125.40908000664786,429.972493002424,290.0
1740236061,10,,Aggregated,1.333333,1.333333,250,300,310,320,430,430,430,430,430,430,430,10,10,200.0,249.55487950210227,125.40908000664786,429.972493002424,290.0
1740236062,10,,Aggregated,1.333333,1.333333,250,300,310,320,430,430,430,430,430,430,430,10,10,200.0,249.55487950210227,125.40908000664786,429.972493002424,290.0
1740236063,10,,Aggregated,1.333333,1.333333,250,300,310,320,430,430,430,430,430,430,430,10,10,200.0,249.55487950210227,125.40908000664786,429.972493002424,290.0
1740236064,10,,Aggregated,1.333333,1.333333,250,300,310,320,430,430,430,430,430,430,430,10,10,200.0,249.55487950210227,125.40908000664786,429.972493002424,290.0
1740236065,10,,Aggregated,1.333333,1.333333,250,300,310,320,430,430,430,430,430,430,430,10,10,200.0,249.55487950210227,125.40908000664786,429.972493002424,290.0
1740236066,10,,Aggregated,1.333333,1.333333,250,300,310,320,430,430,430,430,430,430,430,10,10,200.0,249.55487950210227,125.40908000664786,429.972493002424,290.0
1740236067,10,,Aggregated,1.333333,1.333333,250,300,310,320,430,430,430,430,430,430,430,10,10,200.0,249.55487950210227,125.40908000664786,429.972493002424,290.0
1740236068,10,,Aggregated,1.333333,1.333333,250,300,310,320,430,430,430,430,430,430,430,10,10,200.0,249.55487950210227,125.40908000664786,429.972493002424,290.0
1740236069,10,,Aggregated,1.333333,1.333333,250,300,310,320,430,430,430,430,430,430,430,10,10,200.0,249.55487950210227,125.40908000664786,429.972493002424,290.0
1740236070,10,,Aggregated,1.333333,1.333333,250,300,310,320,430,430,430,430,430,430,430,10,10,200.0,249.55487950210227,125.40908000664786,429.972493002424,290.0
1740236071,10,,Aggregated,1.333333,1.333333,250,300,310,320,430,430,430,430,430,430,430,10,10,200.0,249.55487950210227,125.40908000664786,429.972493002424,290.0
1740236072,10,,Aggregated,1.333333,1.333333,250,300,310,320,430,430,430,430,430,430,430,10,10,200.0,249.55487950210227,125.40908000664786,429.972493002424,290.0
1740236073,10,,Aggregated,1.333333,1.333333,250,300,310,320,430,430,430,430,430,430,430,10,10,200.0,249.55487950210227,125.40908000664786,429.972493002424,290.0
1740236074,10,,Aggregated,1.333333,1.333333,250,300,310,320,430,430,430,430,430,430,430,10,10,200.0,249.55487950210227,125.40908000664786,429.972493002424,290.0
1740236075,10,,Aggregated,1.333333,1.333333,250,300,310,320,430,430,430,430,430,430,430,10,10,200.0,249.55487950210227,125.40908000664786,429.972493002424,290.0
1740236076,10,,Aggregated,1.333333,1.333333,250,300,310,320,430,430,430,430,430,430,430,10,10,200.0,249.55487950210227,125.40908000664786,429.972493002424,290.0
1740236077,10,,Aggregated,1.333333,1.333333,250,300,310,320,430,430,430,430,430,430,430,10,10,200.0,249.55487950210227,125.40908000664786,429.972493002424,290.0
1740236079,10,,Aggregated,1.333333,1.333333,250,300,310,320,430,430,430,430,430,430,430,10,10,200.0,249.55487950210227,125.40908000664786,429.972493002424,290.0
1740236080,10,,Aggregated,1.333333,1.333333,250,300,310,320,430,430,430,430,430,430,430,10,10,200.0,249.55487950210227,125.40908000664786,429.972493002424,290.0
1740236081,10,,Aggregated,1.333333,1.333333,250,300,310,320,430,430,430,430,430,430,430,10,10,200.0,249.55487950210227,125.40908000664786,429.972493002424,290.0
1740236082,10,,Aggregated,1.333333,1.333333,250,300,310,320,430,430,430,430,430,430,430,10,10,200.0,249.55487950210227,125.40908000664786,429.972493002424,290.0
1740236083,10,,Aggregated,1.333333,1.333333,250,300,310,320,430,430,430,430,430,430,430,10,10,200.0,249.55487950210227,125.40908000664786,429.972493002424,290.0
1740236084,10,,Aggregated,1.333333,1.333333,250,300,310,320,430,430,430,430,430,430,430,10,10,200.0,249.55487950210227,125.40908000664786,429.972493002424,290.0
1740236085,10,,Aggregated,1.333333,1.333333,250,300,310,320,430,430,430,430,430,430,430,10,10,200.0,249.55487950210227,125.40908000664786,429.972493002424,290.0
1740236086,10,,Aggregated,1.333333,1.333333,250,300,310,320,430,430,430,430,430,430,430,10,10,200.0,249.55487950210227,125.40908000664786,429.972493002424,290.0
1740236087,10,,Aggregated,1.333333,1.333333,250,300,310,320,430,430,430,430,430,430,430,10,10,200.0,249.55487950210227,125.40908000664786,429.972493002424,290.0
1740236088,10,,Aggregated,1.333333,1.333333,250,300,310,320,430,430,430,430,430,430,430,10,10,200.0,249.55487950210227,125.40908000664786,429.972493002424,290.0
