Count,Message,Traceback,Nodes
293,'OdooLoadTest' object has no attribute 'headers',"  File ""/usr/local/lib/python3.10/site-packages/locust/user/task.py"", line 340, in run
    self.execute_next_task()
  File ""/usr/local/lib/python3.10/site-packages/locust/user/task.py"", line 373, in execute_next_task
    self.execute_task(self._task_queue.popleft())
  File ""/usr/local/lib/python3.10/site-packages/locust/user/task.py"", line 490, in execute_task
    task(self.user)
  File ""/Users/ashkan/Documents/Projects/odoo/odoo-17.0/performance/locustfile.py"", line 135, in product_search
    headers=self.headers,
",local
